{
    "compass": "up-left",
    "number": [
        [
            1247,
            812,
            35,
            22,
            58
        ],
        [
            1384,
            943,
            38,
            22,
            58
        ],
        [
            2167,
            1118,
            43,
            21,
            59
        ],
        [
            2499,
            839,
            1419,
            22,
            58
        ],
        [
            2299,
            1078,
            1425,
            22,
            59
        ]
    ],
    "rooms": [],
    "scales": [
        9.704280155642023,
        15.646209386281589,
        10.055684454756381,
        9.877470355731225,
        9.995652173913044
    ],
    "templates": [
        [
            "hstar",
            870,
            42,
            21,
            32
        ],
        [
            "hstar",
            1008,
            42,
            21,
            33
        ],
        [
            "left",
            745,
            44,
            17,
            25
        ],
        [
            "right",
            1227,
            44,
            17,
            26
        ],
        [
            "hstar",
            994,
            1426,
            20,
            32
        ],
        [
            "left",
            741,
            1426,
            20,
            32
        ],
        [
            "right",
            1224,
            1426,
            20,
            32
        ]
    ]
}