{
    "compass": "up-right",
    "number": [
        [
            2311,
            908,
            38,
            17,
            45
        ],
        [
            1341,
            1050,
            35,
            17,
            44
        ],
        [
            2755,
            960,
            1438,
            16,
            43
        ],
        [
            897,
            1108,
            1434,
            17,
            31
        ]
    ],
    "rooms": [],
    "scales": [
        12.732782369146005,
        12.771428571428572,
        12.75462962962963,
        27.6
    ],
    "templates": [
        [
            "hstar",
            1026,
            39,
            15,
            23
        ],
        [
            "left",
            845,
            40,
            14,
            22
        ],
        [
            "right",
            1131,
            39,
            15,
            23
        ],
        [
            "hstar",
            1063,
            1441,
            12,
            19
        ],
        [
            "left",
            847,
            1441,
            12,
            19
        ],
        [
            "right",
            1094,
            1435,
            15,
            22
        ]
    ]
}