{
    "compass": "up-right",
    "number": [
        [
            1415,
            719,
            42,
            23,
            63
        ],
        [
            1126,
            864,
            42,
            23,
            64
        ],
        [
            1318,
            1005,
            42,
            23,
            63
        ],
        [
            1915,
            1190,
            42,
            23,
            63
        ],
        [
            2541,
            782,
            1414,
            24,
            64
        ],
        [
            3233,
            1113,
            1414,
            23,
            64
        ]
    ],
    "rooms": [],
    "scales": [
        8.524096385542169,
        14.844961240310077,
        8.704545454545455,
        8.657580919931856,
        8.702557200538358
    ],
    "templates": [
        [
            "hstar",
            1100,
            49,
            15,
            24
        ],
        [
            "hstar",
            949,
            49,
            15,
            24
        ],
        [
            "hstar",
            820,
            49,
            15,
            24
        ],
        [
            "left",
            654,
            49,
            15,
            24
        ],
        [
            "right",
            1320,
            49,
            15,
            24
        ],
        [
            "hstar",
            951,
            1422,
            12,
            19
        ],
        [
            "left",
            657,
            1422,
            13,
            20
        ],
        [
            "right",
            1320,
            1420,
            16,
            24
        ]
    ]
}