{
    "compass": "up-right",
    "number": [
        [
            4667,
            463,
            72,
            26,
            72
        ],
        [
            1651,
            341,
            1354,
            25,
            68
        ],
        [
            1400,
            531,
            1354,
            25,
            69
        ]
    ],
    "rooms": [],
    "scales": [
        7.943829787234042,
        7.8619047619047615,
        8.0
    ],
    "templates": [
        [
            "left",
            190,
            78,
            19,
            30
        ],
        [
            "right",
            779,
            78,
            18,
            27
        ],
        [
            "hstar",
            465,
            1361,
            17,
            27
        ],
        [
            "left",
            255,
            1361,
            17,
            27
        ],
        [
            "right",
            642,
            1362,
            16,
            23
        ]
    ]
}