{
    "door_single": [
        [
            [
                989,
                798
            ],
            [
                1101,
                798
            ],
            "AC",
            37.0
        ],
        [
            [
                676,
                572
            ],
            [
                767,
                572
            ],
            "C",
            17.0
        ],
        [
            [
                650,
                695
            ],
            [
                650,
                604
            ],
            "C",
            19.0
        ],
        [
            [
                691,
                1116
            ],
            [
                783,
                1116
            ],
            "AC",
            17.0
        ],
        [
            [
                1072,
                902
            ],
            [
                1072,
                965
            ],
            "C",
            9.848857801796104
        ]
    ],
    "door_sliding": [
        [
            [
                327,
                814
            ],
            [
                327,
                1027
            ],
            0
        ]
    ],
    "meta": {
        "x_max": 1663,
        "x_min": 339,
        "y_max": 1316,
        "y_min": 177
    },
    "railing": [],
    "wall": [
        [
            [
                1115,
                853
            ],
            [
                1072,
                902
            ],
            9.848857801796104
        ],
        [
            [
                1045,
                975
            ],
            [
                1053,
                956
            ],
            9.848857801796104
        ],
        [
            [
                681,
                1116
            ],
            [
                690,
                1116
            ],
            17.0
        ],
        [
            [
                791,
                1117
            ],
            [
                783,
                1116
            ],
            17.0
        ],
        [
            [
                650,
                713
            ],
            [
                649,
                695
            ],
            19.0
        ],
        [
            [
                649,
                594
            ],
            [
                649,
                604
            ],
            19.0
        ],
        [
            [
                650,
                572
            ],
            [
                668,
                572
            ],
            17.0
        ],
        [
            [
                779,
                572
            ],
            [
                767,
                572
            ],
            17.0
        ],
        [
            [
                976,
                760
            ],
            [
                976,
                798
            ],
            37.0
        ],
        [
            [
                1115,
                853
            ],
            [
                1116,
                804
            ],
            37.0
        ],
        [
            [
                1041,
                984
            ],
            [
                1045,
                975
            ],
            9.848857801796104
        ],
        [
            [
                1048,
                1233
            ],
            [
                1064,
                1240
            ],
            5.0
        ],
        [
            [
                650,
                572
            ],
            [
                668,
                572
            ],
            19.0
        ],
        [
            [
                654,
                1123
            ],
            [
                681,
                1116
            ],
            19.0
        ],
        [
            [
                1091,
                879
            ],
            [
                1115,
                853
            ],
            21.0
        ],
        [
            [
                192,
                894
            ],
            [
                231,
                892
            ],
            31.0
        ],
        [
            [
                828,
                354
            ],
            [
                831,
                460
            ],
            33.0
        ],
        [
            [
                831,
                460
            ],
            [
                976,
                460
            ],
            31.0
        ],
        [
            [
                791,
                1117
            ],
            [
                977,
                1118
            ],
            17.0
        ],
        [
            [
                779,
                572
            ],
            [
                976,
                572
            ],
            17.0
        ],
        [
            [
                977,
                1118
            ],
            [
                1175,
                1233
            ],
            37.0
        ],
        [
            [
                192,
                894
            ],
            [
                193,
                1123
            ],
            27.0
        ],
        [
            [
                1103,
                843
            ],
            [
                1289,
                980
            ],
            37.0
        ],
        [
            [
                649,
                354
            ],
            [
                649,
                594
            ],
            19.0
        ],
        [
            [
                976,
                460
            ],
            [
                976,
                760
            ],
            31.0
        ],
        [
            [
                649,
                1492
            ],
            [
                984,
                1662
            ],
            41.0
        ],
        [
            [
                649,
                1117
            ],
            [
                649,
                1492
            ],
            31.0
        ],
        [
            [
                325,
                719
            ],
            [
                325,
                1123
            ],
            19.0
        ],
        [
            [
                231,
                721
            ],
            [
                650,
                713
            ],
            29.0
        ],
        [
            [
                193,
                1123
            ],
            [
                654,
                1123
            ],
            33.0
        ],
        [
            [
                232,
                354
            ],
            [
                231,
                892
            ],
            33.0
        ],
        [
            [
                232,
                354
            ],
            [
                828,
                354
            ],
            33.0
        ],
        [
            [
                984,
                1662
            ],
            [
                1289,
                980
            ],
            31
        ]
    ],
    "wall_bay": [],