{
    "compass": "up-left",
    "number": [
        [
            1471,
            751,
            44,
            28,
            79
        ],
        [
            2996,
            1064,
            44,
            28,
            79
        ],
        [
            1471,
            751,
            1396,
            28,
            79
        ],
        [
            2996,
            1064,
            1396,
            29,
            79
        ]
    ],
    "rooms": [],
    "scales": [
        7.038277511961723,
        7.116389548693586,
        6.98812351543943,
        7.133333333333334
    ],
    "templates": [
        [
            "hstar",
            880,
            52,
            18,
            27
        ],
        [
            "left",
            672,
            53,
            16,
            25
        ],
        [
            "right",
            1301,
            52,
            18,
            27
        ],
        [
            "hstar",
            879,
            1404,
            20,
            30
        ],
        [
            "left",
            669,
            1404,
            20,
            29
        ],
        [
            "right",
            1301,
            1406,
            16,
            26
        ]
    ]
}