{
    "compass": "up-right",
    "number": [
        [
            1400,
            234,
            1166,
            22,
            61
        ],
        [
            4800,
            574,
            1166,
            22,
            65
        ],
        [
            3300,
            1025,
            1166,
            22,
            61
        ],
        [
            3676,
            1410,
            1166,
            22,
            62
        ]
    ],
    "rooms": [],
    "scales": [
        8.88888888888889,
        6.935849056603773,
        9.031941031941033
    ],
    "templates": [
        [
            "hstar",
            331,
            1172,
            15,
            23
        ],
        [
            "hstar",
            861,
            1172,
            15,
            23
        ],
        [
            "hstar",
            1228,
            1174,
            12,
            20
        ],
        [
            "left",
            176,
            1174,
            12,
            18
        ],
        [
            "right",
            1635,
            1174,
            13,
            20
        ]
    ]
}