{
    "compass": "up-left",
    "number": [
        [
            3077,
            502,
            42,
            23,
            67
        ],
        [
            3481,
            887,
            41,
            24,
            67
        ],
        [
            4442,
            1349,
            42,
            23,
            68
        ],
        [
            1852,
            431,
            1412,
            24,
            64
        ],
        [
            2339,
            676,
            1412,
            24,
            66
        ],
        [
            3270,
            1005,
            1412,
            24,
            66
        ],
        [
            3539,
            1405,
            1412,
            24,
            65
        ]
    ],
    "rooms": [],
    "scales": [
        8.453296703296703,
        10.87392900856793,
        8.525911708253359,
        8.418181818181818,
        12.892531876138433,
        8.517448856799037
    ],
    "templates": [
        [
            "hstar",
            704,
            48,
            16,
            24
        ],
        [
            "hstar",
            1112,
            48,
            16,
            25
        ],
        [
            "left",
            340,
            48,
            16,
            24
        ],
        [
            "right",
            1634,
            49,
            14,
            23
        ],
        [
            "hstar",
            835,
            1418,
            16,
            24
        ],
        [
            "hstar",
            1218,
            1418,
            16,
            25
        ],
        [
            "hstar",
            560,
            1418,
            16,
            25
        ],
        [
            "left",
            342,
            1419,
            14,
            21
        ],
        [
            "right",
            1634,
            1418,
            16,
            24
        ]
    ]
}