{
    "compass": "up-right",
    "number": [
        [
            2210,
            842,
            40,
            21,
            59
        ],
        [
            1365,
            1026,
            40,
            21,
            57
        ],
        [
            1137,
            1154,
            40,
            21,
            58
        ]
    ],
    "rooms": [],
    "scales": [
        9.608695652173912,
        8.121428571428572,
        9.801724137931034
    ],
    "templates": [
        [
            "hstar",
            1115,
            46,
            14,
            21
        ],
        [
            "hstar",
            975,
            46,
            14,
            21
        ],
        [
            "left",
            745,
            46,
            14,
            21
        ],
        [
            "right",
            1231,
            46,
            14,
            21
        ]
    ]
}