{
    "compass": "up-median",
    "number": [
        [
            5904,
            1472,
            421,
            18,
            49
        ],
        [
            8097,
            477,
            1017,
            18,
            49
        ]
    ],
    "rooms": [],
    "scales": [
        11.553816046966732,
        15.845401174168298
    ],
    "templates": [
        [
            "left",
            1231,
            426,
            12,
            19
        ],
        [
            "right",
            1742,
            426,
            12,
            19
        ],
        [
            "left",
            1230,
            1020,
            14,
            21
        ],
        [
            "right",
            1741,
            1020,
            14,
            21
        ]
    ]
}