{
    "compass": "up-median",
    "number": [
        [
            3632,
            617,
            42,
            26,
            70
        ],
        [
            2696,
            1005,
            42,
            26,
            70
        ],
        [
            2972,
            1352,
            42,
            26,
            70
        ],
        [
            2138,
            525,
            1408,
            25,
            70
        ],
        [
            1260,
            735,
            1408,
            25,
            69
        ],
        [
            2004,
            934,
            1408,
            25,
            71
        ],
        [
            926,
            1122,
            1408,
            25,
            53
        ],
        [
            2972,
            1352,
            1408,
            25,
            70
        ]
    ],
    "rooms": [],
    "scales": [
        8.098104793756967,
        8.992435703479577,
        8.142465753424657,
        8.067924528301887,
        19.174193548387098,
        8.164835164835164
    ],
    "templates": [
        [
            "hstar",
            1193,
            50,
            17,
            26
        ],
        [
            "hstar",
            862,
            49,
            18,
            27
        ],
        [
            "left",
            413,
            49,
            18,
            28
        ],
        [
            "right",
            1557,
            49,
            18,
            28
        ],
        [
            "hstar",
            834,
            1415,
            17,
            27
        ],
        [
            "hstar",
            1193,
            1415,
            17,
            27
        ],
        [
            "hstar",
            1079,
            1415,
            17,
            27
        ],
        [
            "hstar",
            679,
            1415,
            17,
            27
        ],
        [
            "left",
            416,
            1416,
            15,
            23
        ],
        [
            "right",
            1557,
            1415,
            17,
            27
        ]
    ]
}