{
    "compass": "up-median",
    "number": [
        [
            1500,
            249,
            206,
            24,
            65
        ],
        [
            4400,
            588,
            206,
            24,
            69
        ],
        [
            1500,
            249,
            1256,
            23,
            65
        ],
        [
            5500,
            1164,
            206,
            24,
            66
        ],
        [
            500,
            1645,
            206,
            24,
            49
        ],
        [
            7300,
            757,
            1256,
            23,
            67
        ]
    ],
    "rooms": [],
    "scales": [
        8.522727272727273,
        0.9803921568627451,
        1.7241379310344827,
        1.466275659824047,
        12.351945854483926
    ],
    "templates": [
        [
            "hstar",
            867,
            214,
            14,
            23
        ],
        [
            "hstar",
            359,
            215,
            12,
            19
        ],
        [
            "hstar",
            1504,
            213,
            16,
            24
        ],
        [
            "left",
            182,
            214,
            14,
            21
        ],
        [
            "right",
            1794,
            213,
            16,
            24
        ],
        [
            "hstar",
            1202,
            1261,
            17,
            26
        ],
        [
            "left",
            180,
            1262,
            15,
            24
        ],
        [
            "right",
            1794,
            1262,
            15,
            24
        ]
    ]
}