{
    "compass": "up-median",
    "number": [
        [
            1498,
            744,
            37,
            17,
            45
        ],
        [
            1847,
            879,
            38,
            16,
            45
        ],
        [
            2630,
            1059,
            37,
            17,
            46
        ],
        [
            1318,
            1220,
            37,
            17,
            43
        ],
        [
            3794,
            836,
            1436,
            16,
            45
        ],
        [
            3499,
            1130,
            1436,
            16,
            46
        ]
    ],
    "rooms": [],
    "scales": [
        12.228571428571428,
        8.845637583892618,
        12.26046511627907,
        12.4189852700491,
        12.363957597173146
    ],
    "templates": [
        [
            "hstar",
            1179,
            43,
            10,
            17
        ],
        [
            "hstar",
            818,
            43,
            10,
            17
        ],
        [
            "hstar",
            967,
            43,
            10,
            17
        ],
        [
            "left",
            696,
            43,
            10,
            16
        ],
        [
            "right",
            1287,
            43,
            10,
            16
        ],
        [
            "hstar",
            1003,
            1441,
            10,
            15
        ],
        [
            "left",
            697,
            1441,
            10,
            16
        ],
        [
            "right",
            1286,
            1441,
            10,
            15
        ]
    ]
}