{
    "compass": "up-left",
    "number": [
        [
            1133,
            286,
            116,
            31,
            84
        ],
        [
            3131,
            603,
            116,
            31,
            86
        ],
        [
            2748,
            1041,
            116,
            31,
            85
        ],
        [
            3137,
            1480,
            116,
            31,
            85
        ],
        [
            1133,
            286,
            1334,
            30,
            84
        ],
        [
            3131,
            603,
            1334,
            30,
            86
        ],
        [
            2911,
            1053,
            1334,
            30,
            85
        ],
        [
            1533,
            1385,
            1334,
            30,
            84
        ],
        [
            1441,
            1606,
            1334,
            30,
            85
        ]
    ],
    "rooms": [],
    "scales": [
        6.587209302325581,
        6.73175965665236,
        6.717344753747323,
        6.587209302325581,
        3.0889603429796355,
        6.702325581395349
    ],
    "templates": [
        [
            "hstar",
            865,
            126,
            19,
            29
        ],
        [
            "hstar",
            1275,
            126,
            19,
            29
        ],
        [
            "hstar",
            399,
            126,
            19,
            29
        ],
        [
            "left",
            231,
            128,
            14,
            21
        ],
        [
            "right",
            1742,
            126,
            19,
            29
        ],
        [
            "hstar",
            1299,
            1343,
            19,
            28
        ],
        [
            "hstar",
            866,
            1343,
            19,
            28
        ],
        [
            "hstar",
            398,
            1343,
            19,
            31
        ],
        [
            "hstar",
            1528,
            1343,
            19,
            28
        ],
        [
            "left",
            228,
            1344,
            17,
            27
        ],
        [
            "right",
            1744,
            1344,
            17,
            26
        ]
    ]
}