{
    "compass": "median-median",
    "number": [
        [
            4666,
            469,
            190,
            21,
            60
        ],
        [
            1114,
            382,
            1242,
            21,
            58
        ],
        [
            2652,
            573,
            1242,
            21,
            58
        ]
    ],
    "rooms": [],
    "scales": [
        9.741127348643007,
        9.645021645021645,
        9.822222222222223
    ],
    "templates": [
        [
            "left",
            248,
            196,
            14,
            22
        ],
        [
            "right",
            727,
            196,
            14,
            22
        ],
        [
            "hstar",
            457,
            1248,
            14,
            21
        ],
        [
            "left",
            343,
            1249,
            12,
            18
        ],
        [
            "right",
            727,
            1248,
            14,
            21
        ]
    ]
}