{
    "compass": "up-median",
    "number": [
        [
            1655,
            703,
            40,
            23,
            61
        ],
        [
            1461,
            873,
            40,
            23,
            61
        ],
        [
            3421,
            1139,
            40,
            23,
            62
        ],
        [
            3116,
            783,
            1416,
            23,
            61
        ],
        [
            3421,
            1139,
            1416,
            23,
            62
        ]
    ],
    "rooms": [],
    "scales": [
        9.043715846994536,
        21.51572327044025,
        9.171581769436997,
        9.11111111111111,
        9.171581769436997
    ],
    "templates": [
        [
            "hstar",
            973,
            47,
            14,
            21
        ],
        [
            "hstar",
            814,
            47,
            14,
            21
        ],
        [
            "left",
            631,
            47,
            14,
            21
        ],
        [
            "right",
            1344,
            46,
            16,
            25
        ],
        [
            "hstar",
            973,
            1423,
            14,
            21
        ],
        [
            "left",
            631,
            1423,
            14,
            21
        ],
        [
            "right",
            1344,
            1422,
            16,
            25
        ]
    ]
}