{
    "compass": "up-right",
    "number": [
        [
            1568,
            891,
            40,
            21,
            58
        ],
        [
            1553,
            1052,
            40,
            21,
            57
        ]
    ],
    "rooms": [],
    "scales": [
        9.590214067278287,
        9.70625
    ],
    "templates": [
        [
            "hstar",
            990,
            46,
            14,
            21
        ],
        [
            "left",
            828,
            47,
            12,
            18
        ],
        [
            "right",
            1150,
            46,
            14,
            21
        ]
    ]
}