{
    "compass": "up-median",
    "number": [
        [
            1651,
            201,
            171,
            18,
            48
        ],
        [
            4848,
            486,
            171,
            18,
            51
        ],
        [
            2561,
            814,
            171,
            18,
            49
        ],
        [
            4714,
            1506,
            171,
            18,
            51
        ],
        [
            1216,
            1770,
            171,
            18,
            48
        ],
        [
            1651,
            201,
            1300,
            18,
            48
        ],
        [
            6012,
            539,
            1301,
            17,
            49
        ],
        [
            3873,
            974,
            1301,
            17,
            48
        ],
        [
            1757,
            1223,
            1301,
            17,
            48
        ]
    ],
    "rooms": [],
    "scales": [
        11.193220338983052,
        1.8621745788667687,
        2.322827125119389,
        11.193220338983052,
        2.0160642570281126,
        11.372168284789645,
        4.233734939759036
    ],
    "templates": [
        [
            "hstar",
            1159,
            174,
            14,
            21
        ],
        [
            "hstar",
            288,
            174,
            14,
            21
        ],
        [
            "hstar",
            1314,
            174,
            14,
            21
        ],
        [
            "hstar",
            941,
            174,
            14,
            21
        ],
        [
            "left",
            140,
            174,
            14,
            22
        ],
        [
            "right",
            1838,
            176,
            13,
            20
        ],
        [
            "hstar",
            290,
            1306,
            10,
            17
        ],
        [
            "hstar",
            1316,
            1306,
            11,
            17
        ],
        [
            "hstar",
            1162,
            1306,
            10,
            16
        ],
        [
            "left",
            143,
            1306,
            10,
            16
        ],
        [
            "right",
            1731,
            1306,
            11,
            17
        ]
    ]
}