{
    "compass": "up-median",
    "number": [
        [
            3000,
            336,
            47,
            24,
            66
        ],
        [
            4480,
            767,
            47,
            24,
            69
        ],
        [
            3000,
            336,
            1411,
            24,
            66
        ],
        [
            4480,
            767,
            1411,
            24,
            69
        ],
        [
            4720,
            1301,
            47,
            24,
            69
        ],
        [
            1670,
            1676,
            47,
            24,
            64
        ],
        [
            4720,
            1301,
            1411,
            24,
            69
        ],
        [
            1670,
            1676,
            1411,
            24,
            64
        ]
    ],
    "rooms": [],
    "scales": [
        8.534850640113797,
        3.214629451395573,
        8.608247422680412,
        8.571428571428571,
        3.2115384615384617,
        8.498727735368957
    ],
    "templates": [
        [
            "hstar",
            530,
            53,
            17,
            27
        ],
        [
            "hstar",
            1050,
            53,
            17,
            26
        ],
        [
            "hstar",
            1599,
            53,
            17,
            26
        ],
        [
            "left",
            179,
            53,
            17,
            26
        ],
        [
            "right",
            1793,
            53,
            17,
            26
        ],
        [
            "hstar",
            1594,
            1414,
            20,
            31
        ],
        [
            "hstar",
            1047,
            1414,
            20,
            30
        ],
        [
            "hstar",
            527,
            1414,
            20,
            30
        ],
        [
            "left",
            179,
            1417,
            17,
            26
        ],
        [
            "right",
            1793,
            1417,
            17,
            26
        ]
    ]
}