{
    "compass": "up-right",
    "number": [
        [
            4423,
            781,
            1447,
            13,
            38
        ],
        [
            5200,
            1065,
            1447,
            13,
            34
        ]
    ],
    "rooms": [],
    "scales": [
        7.821396993810787,
        26.873385012919897
    ],
    "templates": [
        [
            "hstar",
            1228,
            1449,
            10,
            15
        ],
        [
            "left",
            662,
            1448,
            10,
            16
        ],
        [
            "right",
            1421,
            1449,
            10,
            16
        ]
    ]
}