{
    "compass": "up-right",
    "number": [
        [
            1600,
            206,
            249,
            19,
            53
        ],
        [
            5100,
            514,
            249,
            19,
            53
        ],
        [
            2300,
            854,
            249,
            19,
            53
        ],
        [
            3600,
            1125,
            249,
            19,
            54
        ],
        [
            4500,
            1496,
            249,
            19,
            55
        ],
        [
            1200,
            1760,
            249,
            19,
            52
        ],
        [
            1600,
            206,
            1219,
            19,
            53
        ],
        [
            5500,
            532,
            1219,
            19,
            53
        ],
        [
            3800,
            960,
            1219,
            19,
            52
        ],
        [
            1700,
            1213,
            1219,
            19,
            52
        ],
        [
            4500,
            1496,
            1219,
            19,
            55
        ],
        [
            1200,
            1760,
            1219,
            19,
            52
        ]
    ],
    "rooms": [],
    "scales": [
        10.702341137123746,
        2.55863539445629,
        10.85972850678733,
        10.702341137123746,
        2.373887240356083,
        10.85972850678733
    ],
    "templates": [
        [
            "hstar",
            977,
            255,
            12,
            19
        ],
        [
            "hstar",
            1308,
            255,
            12,
            19
        ],
        [
            "hstar",
            1722,
            255,
            12,
            18
        ],
        [
            "hstar",
            766,
            255,
            12,
            18
        ],
        [
            "hstar",
            297,
            255,
            12,
            18
        ],
        [
            "left",
            147,
            255,
            12,
            19
        ],
        [
            "right",
            1832,
            255,
            12,
            19
        ],
        [
            "hstar",
            802,
            1225,
            12,
            19
        ],
        [
            "hstar",
            1309,
            1225,
            12,
            17
        ],
        [
            "hstar",
            1722,
            1225,
            12,
            18
        ],
        [
            "hstar",
            297,
            1225,
            12,
            18
        ],
        [
            "hstar",
            1152,
            1225,
            12,
            19
        ],
        [
            "left",
            147,
            1225,
            12,
            19
        ],
        [
            "right",
            1832,
            1225,
            12,
            19
        ]
    ]
}