{
    "compass": "up-left",
    "number": [
        [
            942,
            451,
            46,
            33,
            69
        ],
        [
            3112,
            773,
            46,
            33,
            92
        ],
        [
            3141,
            1286,
            46,
            33,
            93
        ],
        [
            942,
            451,
            1381,
            33,
            69
        ],
        [
            3112,
            773,
            1381,
            33,
            92
        ],
        [
            3141,
            1286,
            1381,
            33,
            93
        ]
    ],
    "rooms": [],
    "scales": [
        5.962025316455696,
        6.146771037181996,
        6.075435203094777,
        5.962025316455696,
        6.146771037181996,
        6.075435203094777
    ],
    "templates": [
        [
            "hstar",
            546,
            54,
            24,
            36
        ],
        [
            "hstar",
            1057,
            54,
            24,
            36
        ],
        [
            "left",
            392,
            57,
            18,
            28
        ],
        [
            "right",
            1574,
            54,
            24,
            36
        ],
        [
            "hstar",
            546,
            1389,
            24,
            36
        ],
        [
            "hstar",
            1057,
            1389,
            24,
            36
        ],
        [
            "left",
            392,
            1392,
            18,
            28
        ],
        [
            "right",
            1578,
            1392,
            18,
            28
        ]
    ]
}