{
    "compass": "up-median",
    "number": [
        [
            2540,
            807,
            40,
            22,
            60
        ],
        [
            1591,
            1024,
            40,
            22,
            61
        ],
        [
            1495,
            1187,
            40,
            22,
            61
        ]
    ],
    "rooms": [],
    "scales": [
        9.407407407407407,
        8.925373134328359,
        9.492063492063492
    ],
    "templates": [
        [
            "hstar",
            961,
            47,
            14,
            21
        ],
        [
            "hstar",
            1128,
            47,
            14,
            22
        ],
        [
            "left",
            691,
            47,
            14,
            21
        ],
        [
            "right",
            1286,
            47,
            14,
            21
        ]
    ]
}