{
    "compass": "up-median",
    "number": [
        [
            1682,
            196,
            284,
            17,
            46
        ],
        [
            1918,
            348,
            284,
            17,
            47
        ],
        [
            4735,
            626,
            284,
            17,
            49
        ]
    ],
    "rooms": [],
    "scales": [
        11.6,
        29.228395061728396,
        11.822721598002497
    ],
    "templates": [
        [
            "hstar",
            443,
            288,
            12,
            19
        ],
        [
            "hstar",
            281,
            288,
            12,
            19
        ],
        [
            "left",
            136,
            288,
            12,
            19
        ],
        [
            "right",
            843,
            288,
            12,
            20
        ]
    ]
}