{
    "compass": "up-median",
    "number": [
        [
            1100,
            1233,
            40,
            18,
            51
        ],
        [
            2200,
            1381,
            40,
            18,
            50
        ],
        [
            3200,
            1622,
            40,
            18,
            51
        ],
        [
            3200,
            340,
            86,
            19,
            51
        ],
        [
            3000,
            617,
            86,
            19,
            52
        ],
        [
            3200,
            340,
            1351,
            18,
            51
        ],
        [
            3000,
            617,
            1351,
            18,
            52
        ]
    ],
    "rooms": [],
    "scales": [
        10.891089108910892,
        16.3265306122449,
        11.208406304728546,
        11.07266435986159,
        11.194029850746269,
        11.07266435986159,
        11.1731843575419
    ],
    "templates": [
        [
            "hstar",
            1495,
            45,
            13,
            20
        ],
        [
            "hstar",
            1299,
            45,
            13,
            20
        ],
        [
            "left",
            1198,
            45,
            13,
            20
        ],
        [
            "right",
            1781,
            45,
            12,
            19
        ],
        [
            "hstar",
            501,
            92,
            12,
            17
        ],
        [
            "left",
            211,
            91,
            13,
            19
        ],
        [
            "right",
            769,
            92,
            12,
            17
        ],
        [
            "hstar",
            500,
            1356,
            12,
            19
        ],
        [
            "left",
            211,
            1356,
            12,
            19
        ],
        [
            "right",
            769,
            1356,
            12,
            18
        ]
    ]
}