{
    "compass": "up-left",
    "number": [
        [
            1674,
            721,
            33,
            17,
            47
        ],
        [
            1274,
            847,
            33,
            17,
            47
        ],
        [
            3068,
            775,
            1138,
            17,
            47
        ],
        [
            5489,
            1003,
            721,
            46,
            18
        ],
        [
            2342,
            575,
            208,
            47,
            17
        ],
        [
            2349,
            575,
            402,
            47,
            17
        ],
        [
            5489,
            575,
            721,
            46,
            17
        ],
        [
            1136,
            575,
            991,
            46,
            17
        ]
    ],
    "rooms": [
        [
            "5489",
            723,
            580,
            21,
            50
        ]
    ],
    "scales": [
        14.748898678414097,
        9.725190839694656,
        12.471544715447154,
        5.953362255965293,
        12.293963254593177,
        5.751898734177215,
        12.836158192090396
    ],
    "templates": [
        [
            "hstar",
            781,
            36,
            12,
            18
        ],
        [
            "left",
            667,
            35,
            12,
            19
        ],
        [
            "right",
            910,
            34,
            14,
            22
        ],
        [
            "left",
            667,
            1142,
            12,
            19
        ],
        [
            "right",
            913,
            1142,
            12,
            19
        ],
        [
            "up",
            1000,
            122,
            29,
            18
        ],
        [
            "down",
            1006,
            1049,
            19,
            13
        ],
        [
            "vstar",
            572,
            126,
            29,
            20
        ],
        [
            "vstar",
            574,
            957,
            27,
            17
        ],
        [
            "vstar",
            572,
            514,
            29,
            20
        ],
        [
            "up",
            572,
            316,
            30,
            19
        ],
        [
            "down",
            574,
            1046,
            26,
            17
        ]
    ]
}